order_id,user_id,order_timestamp,amount
o_1,1006,2026-01-13 10:00:00,49.0
o_2,1007,2026-03-31 16:00:00,19.0
o_3,1009,2026-01-02 11:00:00,149.0
o_4,1010,2026-03-29 15:00:00,19.0
o_5,1011,2026-02-28 16:00:00,49.0
o_6,1012,2026-03-27 13:00:00,99.0
o_7,1020,2026-01-21 17:00:00,149.0
o_8,1020,2026-03-02 14:00:00,49.0
o_9,1025,2026-02-26 09:00:00,99.0
o_10,1026,2026-01-05 12:00:00,149.0
o_11,1029,2026-03-09 14:00:00,49.0
o_12,1030,2026-01-21 10:00:00,99.0
o_13,1030,2026-02-05 16:00:00,149.0
o_14,1031,2026-01-28 18:00:00,99.0
o_15,1031,2026-03-15 14:00:00,149.0
o_16,1032,2026-02-23 15:00:00,149.0
o_17,1032,2026-03-17 09:00:00,99.0
o_18,1035,2026-02-04 14:00:00,19.0
o_19,1040,2026-03-25 18:00:00,149.0
o_20,1041,2026-01-18 16:00:00,99.0
o_21,1043,2026-02-24 09:00:00,49.0
o_22,1043,2026-03-23 17:00:00,99.0
o_23,1044,2026-02-23 10:00:00,149.0
o_24,1047,2026-02-16 10:00:00,99.0
o_25,1050,2026-02-25 14:00:00,19.0
o_26,1050,2026-02-28 13:00:00,99.0
o_27,1061,2026-01-26 18:00:00,49.0
o_28,1065,2026-01-03 11:00:00,149.0
o_29,1066,2026-02-28 12:00:00,19.0
o_30,1073,2026-01-30 10:00:00,49.0
o_31,1076,2026-01-07 10:00:00,49.0
o_32,1078,2026-01-25 14:00:00,149.0
o_33,1080,2026-02-21 17:00:00,149.0
o_34,1084,2026-01-27 14:00:00,99.0
o_35,1088,2026-03-29 13:00:00,19.0
o_36,1095,2026-01-07 14:00:00,99.0
o_37,1095,2026-01-12 18:00:00,49.0
o_38,1095,2026-02-25 09:00:00,149.0
o_39,1097,2026-01-08 16:00:00,19.0
o_40,1097,2026-02-01 18:00:00,99.0
o_41,1100,2026-01-08 11:00:00,99.0
o_42,1100,2026-01-11 11:00:00,149.0
o_43,1101,2026-03-25 14:00:00,149.0
o_44,1107,2026-01-27 17:00:00,19.0
o_45,1107,2026-02-22 10:00:00,149.0
o_46,1108,2026-01-07 14:00:00,99.0
o_47,1108,2026-03-17 11:00:00,19.0
o_48,1108,2026-03-25 18:00:00,49.0
o_49,1108,2026-03-29 13:00:00,49.0
o_50,1117,2026-01-28 10:00:00,49.0
o_51,1119,2026-01-19 10:00:00,99.0
o_52,1119,2026-01-24 11:00:00,19.0
o_53,1122,2026-03-07 10:00:00,149.0
o_54,1123,2026-01-19 13:00:00,99.0
o_55,1129,2026-02-18 14:00:00,149.0
o_56,1130,2026-01-30 18:00:00,149.0
o_57,1130,2026-03-17 16:00:00,19.0
o_58,1132,2026-02-18 10:00:00,19.0
o_59,1136,2026-01-18 18:00:00,149.0
o_60,1138,2026-01-15 16:00:00,19.0
o_61,1138,2026-02-15 18:00:00,19.0
o_62,1146,2026-01-04 10:00:00,19.0
o_63,1146,2026-02-01 18:00:00,19.0
o_64,1147,2026-01-14 09:00:00,149.0
o_65,1147,2026-01-17 14:00:00,49.0
o_66,1147,2026-01-25 16:00:00,99.0
o_67,1147,2026-02-28 15:00:00,149.0
o_68,1149,2026-01-14 11:00:00,149.0
o_69,1151,2026-02-04 09:00:00,99.0
o_70,1154,2026-01-12 09:00:00,149.0
o_71,1155,2026-01-15 10:00:00,99.0
o_72,1155,2026-02-09 09:00:00,149.0
o_73,1156,2026-02-16 18:00:00,19.0
o_74,1156,2026-03-08 14:00:00,19.0
o_75,1157,2026-01-09 12:00:00,149.0
o_76,1161,2026-01-04 13:00:00,49.0
o_77,1162,2026-01-27 13:00:00,19.0
o_78,1165,2026-03-02 10:00:00,99.0
o_79,1167,2026-03-01 14:00:00,99.0
o_80,1168,2026-01-03 11:00:00,49.0
o_81,1168,2026-02-15 10:00:00,49.0
o_82,1169,2026-01-10 09:00:00,99.0
o_83,1169,2026-01-22 12:00:00,19.0
o_84,1170,2026-01-04 16:00:00,99.0
o_85,1171,2026-01-26 17:00:00,99.0
o_86,1171,2026-02-15 18:00:00,149.0
o_87,1172,2026-02-14 12:00:00,99.0
o_88,1173,2026-02-03 11:00:00,99.0
o_89,1174,2026-03-07 10:00:00,99.0
o_90,1175,2026-01-24 14:00:00,99.0
o_91,1179,2026-02-11 12:00:00,99.0
o_92,1179,2026-02-16 16:00:00,49.0
o_93,1181,2026-01-09 18:00:00,49.0
o_94,1183,2026-03-31 10:00:00,49.0
o_95,1184,2026-02-12 15:00:00,99.0
o_96,1185,2026-02-10 13:00:00,19.0
o_97,1186,2026-01-09 09:00:00,19.0
o_98,1186,2026-01-21 10:00:00,149.0
o_99,1190,2026-02-04 12:00:00,149.0
o_100,1191,2026-02-21 18:00:00,19.0
o_101,1197,2026-02-23 15:00:00,49.0
o_102,1200,2026-02-06 15:00:00,49.0
o_103,1205,2026-03-21 14:00:00,99.0
o_104,1206,2026-01-12 15:00:00,19.0
o_105,1206,2026-01-15 14:00:00,99.0
o_106,1206,2026-01-20 16:00:00,19.0
o_107,1206,2026-01-25 15:00:00,49.0
o_108,1206,2026-01-26 15:00:00,149.0
o_109,1209,2026-02-16 09:00:00,49.0
o_110,1210,2026-01-21 16:00:00,99.0
o_111,1212,2026-01-28 11:00:00,19.0
o_112,1215,2026-03-09 15:00:00,19.0
o_113,1216,2026-01-21 11:00:00,149.0
o_114,1217,2026-02-24 15:00:00,19.0
o_115,1218,2026-01-03 10:00:00,99.0
o_116,1219,2026-02-22 16:00:00,149.0
o_117,1220,2026-01-17 10:00:00,99.0
o_118,1224,2026-02-23 12:00:00,49.0
o_119,1228,2026-03-31 13:00:00,99.0
o_120,1229,2026-01-21 11:00:00,49.0
o_121,1231,2026-01-28 12:00:00,149.0
o_122,1231,2026-02-11 13:00:00,149.0
o_123,1232,2026-02-09 14:00:00,49.0
o_124,1233,2026-02-02 14:00:00,19.0
o_125,1235,2026-01-01 12:00:00,49.0
o_126,1237,2026-01-04 12:00:00,99.0
o_127,1238,2026-02-06 13:00:00,49.0
o_128,1239,2026-01-07 17:00:00,49.0
o_129,1242,2026-01-22 10:00:00,49.0
o_130,1244,2026-03-07 15:00:00,99.0
o_131,1244,2026-03-11 18:00:00,149.0
o_132,1245,2026-01-10 17:00:00,49.0
o_133,1248,2026-01-31 12:00:00,149.0
o_134,1248,2026-02-13 15:00:00,149.0
o_135,1249,2026-02-10 10:00:00,19.0
o_136,1249,2026-03-28 14:00:00,149.0
o_137,1252,2026-01-13 17:00:00,19.0
o_138,1252,2026-01-18 18:00:00,99.0
o_139,1254,2026-02-11 16:00:00,49.0
o_140,1255,2026-01-13 17:00:00,19.0
o_141,1256,2026-02-19 09:00:00,49.0
o_142,1258,2026-01-15 11:00:00,149.0
o_143,1259,2026-03-06 15:00:00,149.0
o_144,1261,2026-03-08 15:00:00,49.0
o_145,1264,2026-01-20 16:00:00,19.0
o_146,1266,2026-01-23 13:00:00,49.0
o_147,1266,2026-02-07 13:00:00,149.0
o_148,1267,2026-01-07 09:00:00,149.0
o_149,1267,2026-01-14 12:00:00,19.0
o_150,1267,2026-02-11 14:00:00,19.0
o_151,1269,2026-01-28 18:00:00,149.0
o_152,1269,2026-03-12 17:00:00,19.0
o_153,1270,2026-03-30 14:00:00,149.0
o_154,1271,2026-01-12 09:00:00,149.0
o_155,1271,2026-01-27 13:00:00,99.0
o_156,1273,2026-02-06 13:00:00,19.0
o_157,1273,2026-03-11 14:00:00,19.0
o_158,1274,2026-02-11 17:00:00,99.0
o_159,1275,2026-01-20 18:00:00,149.0
o_160,1275,2026-02-04 13:00:00,149.0
o_161,1276,2026-01-15 12:00:00,99.0
o_162,1276,2026-02-05 09:00:00,99.0
o_163,1277,2026-01-25 13:00:00,149.0
o_164,1279,2026-01-08 17:00:00,19.0
o_165,1282,2026-02-13 09:00:00,49.0
o_166,1282,2026-03-21 15:00:00,49.0
o_167,1285,2026-03-27 09:00:00,49.0
o_168,1285,2026-03-30 11:00:00,49.0
o_169,1286,2026-01-21 12:00:00,99.0
o_170,1293,2026-02-18 09:00:00,149.0
o_171,1294,2026-03-12 14:00:00,149.0
o_172,1296,2026-02-16 17:00:00,49.0
o_173,1300,2026-01-22 14:00:00,149.0
o_174,1300,2026-03-29 10:00:00,99.0
o_175,1305,2026-01-06 18:00:00,99.0
o_176,1305,2026-01-23 15:00:00,19.0
o_177,1307,2026-03-02 17:00:00,149.0
o_178,1307,2026-03-24 11:00:00,49.0
o_179,1311,2026-02-26 16:00:00,99.0
o_180,1312,2026-03-18 15:00:00,149.0
o_181,1313,2026-01-11 15:00:00,49.0
o_182,1318,2026-03-19 12:00:00,149.0
o_183,1319,2026-02-21 14:00:00,19.0
o_184,1324,2026-02-04 12:00:00,49.0
o_185,1325,2026-03-16 10:00:00,149.0
o_186,1326,2026-01-27 09:00:00,99.0
o_187,1328,2026-03-15 14:00:00,19.0
o_188,1330,2026-01-14 12:00:00,19.0
o_189,1333,2026-01-16 14:00:00,149.0
o_190,1334,2026-02-07 13:00:00,19.0
o_191,1336,2026-01-07 10:00:00,19.0
o_192,1336,2026-01-24 18:00:00,149.0
o_193,1338,2026-01-12 11:00:00,49.0
o_194,1339,2026-03-10 18:00:00,19.0
o_195,1340,2026-01-15 16:00:00,19.0
o_196,1340,2026-02-02 13:00:00,99.0
o_197,1344,2026-02-24 13:00:00,19.0
o_198,1344,2026-03-03 11:00:00,149.0
o_199,1347,2026-02-18 10:00:00,149.0
o_200,1349,2026-01-07 16:00:00,149.0
o_201,1350,2026-03-09 16:00:00,49.0
o_202,1352,2026-01-20 10:00:00,99.0
o_203,1353,2026-01-29 15:00:00,149.0
o_204,1354,2026-02-20 14:00:00,19.0
o_205,1360,2026-01-22 18:00:00,19.0
o_206,1361,2026-01-12 14:00:00,19.0
o_207,1361,2026-02-01 10:00:00,149.0
o_208,1361,2026-02-23 14:00:00,99.0
o_209,1365,2026-03-08 15:00:00,149.0
o_210,1367,2026-02-01 12:00:00,19.0
o_211,1371,2026-03-29 14:00:00,19.0
o_212,1372,2026-01-08 12:00:00,49.0
o_213,1374,2026-01-31 15:00:00,149.0
o_214,1377,2026-01-21 17:00:00,149.0
o_215,1378,2026-01-20 12:00:00,49.0
o_216,1387,2026-01-19 15:00:00,49.0
o_217,1389,2026-01-20 14:00:00,49.0
o_218,1392,2026-01-30 15:00:00,49.0
o_219,1394,2026-03-06 15:00:00,19.0
o_220,1395,2026-01-01 11:00:00,99.0
o_221,1395,2026-01-03 11:00:00,149.0
o_222,1399,2026-01-26 12:00:00,99.0
o_223,1401,2026-01-17 14:00:00,149.0
o_224,1401,2026-03-06 17:00:00,19.0
o_225,1402,2026-02-18 13:00:00,19.0
o_226,1407,2026-01-15 11:00:00,149.0
o_227,1409,2026-03-14 12:00:00,19.0
o_228,1412,2026-01-12 14:00:00,99.0
o_229,1414,2026-03-17 15:00:00,19.0
o_230,1415,2026-01-08 12:00:00,49.0
o_231,1415,2026-02-22 09:00:00,49.0
o_232,1416,2026-01-14 16:00:00,99.0
o_233,1417,2026-01-06 13:00:00,149.0
o_234,1417,2026-02-19 16:00:00,149.0
o_235,1418,2026-01-07 14:00:00,99.0
o_236,1418,2026-02-17 09:00:00,99.0
o_237,1418,2026-03-05 13:00:00,19.0
o_238,1420,2026-01-09 16:00:00,19.0
o_239,1420,2026-02-22 12:00:00,99.0
o_240,1426,2026-02-22 14:00:00,99.0
o_241,1428,2026-03-28 13:00:00,149.0
o_242,1429,2026-01-05 11:00:00,149.0
o_243,1429,2026-02-06 13:00:00,19.0
o_244,1429,2026-02-25 18:00:00,19.0
o_245,1429,2026-03-17 16:00:00,99.0
o_246,1432,2026-01-04 18:00:00,99.0
o_247,1435,2026-01-05 18:00:00,49.0
o_248,1438,2026-01-23 13:00:00,49.0
o_249,1438,2026-02-22 12:00:00,49.0
o_250,1439,2026-02-12 16:00:00,19.0
o_251,1439,2026-02-23 11:00:00,49.0
o_252,1442,2026-01-04 16:00:00,19.0
o_253,1444,2026-01-03 16:00:00,149.0
o_254,1444,2026-01-05 10:00:00,149.0
o_255,1444,2026-01-22 13:00:00,149.0
o_256,1446,2026-02-15 09:00:00,99.0
o_257,1449,2026-01-29 12:00:00,49.0
o_258,1450,2026-02-03 16:00:00,149.0
o_259,1451,2026-03-10 14:00:00,19.0
o_260,1452,2026-02-14 17:00:00,49.0
o_261,1455,2026-01-28 10:00:00,99.0
o_262,1460,2026-02-17 17:00:00,49.0
o_263,1463,2026-02-22 15:00:00,99.0
o_264,1464,2026-02-06 10:00:00,149.0
o_265,1466,2026-01-08 10:00:00,99.0
o_266,1467,2026-01-03 18:00:00,19.0
o_267,1467,2026-02-10 16:00:00,99.0
o_268,1473,2026-02-06 09:00:00,19.0
o_269,1477,2026-02-09 11:00:00,149.0
o_270,1477,2026-02-13 16:00:00,149.0
o_271,1479,2026-02-02 16:00:00,149.0
o_272,1479,2026-02-18 17:00:00,19.0
o_273,1488,2026-02-17 10:00:00,149.0
o_274,1490,2026-03-01 17:00:00,49.0
o_275,1491,2026-02-18 12:00:00,149.0
o_276,1492,2026-03-01 11:00:00,149.0
o_277,1492,2026-03-07 12:00:00,99.0
o_278,1496,2026-01-10 09:00:00,99.0
o_279,1496,2026-01-22 12:00:00,149.0
o_280,1499,2026-01-03 14:00:00,99.0
o_281,1499,2026-01-29 18:00:00,19.0
o_282,1500,2026-03-13 16:00:00,19.0
o_283,1501,2026-01-11 14:00:00,149.0
o_284,1505,2026-01-15 18:00:00,99.0
o_285,1507,2026-01-29 17:00:00,49.0
o_286,1507,2026-03-29 14:00:00,149.0
o_287,1513,2026-02-18 11:00:00,99.0
o_288,1515,2026-01-07 11:00:00,99.0
o_289,1516,2026-01-24 11:00:00,99.0
o_290,1517,2026-03-08 17:00:00,19.0
o_291,1518,2026-01-16 10:00:00,19.0
o_292,1518,2026-01-29 10:00:00,19.0
o_293,1522,2026-02-09 18:00:00,49.0
o_294,1523,2026-01-28 14:00:00,49.0
o_295,1524,2026-02-14 10:00:00,49.0
o_296,1524,2026-03-02 11:00:00,99.0
o_297,1525,2026-03-20 09:00:00,19.0
o_298,1528,2026-03-19 13:00:00,19.0
o_299,1532,2026-02-24 09:00:00,99.0
o_300,1533,2026-01-31 18:00:00,19.0
o_301,1533,2026-02-14 12:00:00,19.0
o_302,1534,2026-01-31 11:00:00,19.0
o_303,1534,2026-02-02 14:00:00,99.0
o_304,1537,2026-02-25 15:00:00,149.0
o_305,1541,2026-02-10 16:00:00,149.0
o_306,1542,2026-01-08 12:00:00,19.0
o_307,1544,2026-02-09 12:00:00,149.0
o_308,1545,2026-02-13 17:00:00,99.0
o_309,1548,2026-02-18 14:00:00,19.0
o_310,1550,2026-02-18 16:00:00,99.0
o_311,1553,2026-03-29 09:00:00,19.0
o_312,1555,2026-03-16 16:00:00,99.0
o_313,1557,2026-01-28 15:00:00,149.0
o_314,1560,2026-02-06 14:00:00,149.0
o_315,1560,2026-02-14 18:00:00,149.0
o_316,1561,2026-02-02 15:00:00,49.0
o_317,1563,2026-01-04 09:00:00,149.0
o_318,1568,2026-01-12 12:00:00,149.0
o_319,1571,2026-02-02 17:00:00,149.0
o_320,1576,2026-01-01 14:00:00,149.0
o_321,1578,2026-01-23 11:00:00,149.0
o_322,1579,2026-02-07 09:00:00,99.0
o_323,1580,2026-01-24 15:00:00,49.0
o_324,1582,2026-01-12 18:00:00,149.0
o_325,1583,2026-01-31 17:00:00,149.0
o_326,1585,2026-03-30 16:00:00,49.0
o_327,1591,2026-01-20 14:00:00,149.0
o_328,1591,2026-02-07 10:00:00,99.0
o_329,1591,2026-03-17 09:00:00,19.0
o_330,1597,2026-02-24 17:00:00,149.0
o_331,1599,2026-01-01 11:00:00,149.0
o_332,1600,2026-01-11 10:00:00,99.0
o_333,1603,2026-01-19 14:00:00,99.0
o_334,1608,2026-01-02 18:00:00,99.0
o_335,1608,2026-01-12 13:00:00,19.0
o_336,1608,2026-03-08 18:00:00,99.0
o_337,1608,2026-03-20 16:00:00,19.0
o_338,1610,2026-01-22 11:00:00,19.0
o_339,1610,2026-03-18 16:00:00,19.0
o_340,1616,2026-03-14 09:00:00,19.0
o_341,1618,2026-01-24 10:00:00,99.0
o_342,1620,2026-01-14 09:00:00,19.0
o_343,1620,2026-03-02 18:00:00,19.0
o_344,1622,2026-01-27 12:00:00,49.0
o_345,1624,2026-03-15 13:00:00,149.0
o_346,1626,2026-03-14 11:00:00,149.0
o_347,1629,2026-01-05 16:00:00,19.0
o_348,1629,2026-03-03 14:00:00,19.0
o_349,1633,2026-02-10 12:00:00,19.0
o_350,1634,2026-03-30 11:00:00,149.0
o_351,1635,2026-02-09 11:00:00,149.0
o_352,1642,2026-03-01 14:00:00,99.0
o_353,1648,2026-01-06 12:00:00,149.0
o_354,1649,2026-02-11 18:00:00,19.0
o_355,1651,2026-02-02 13:00:00,19.0
o_356,1654,2026-01-01 16:00:00,149.0
o_357,1657,2026-01-08 13:00:00,49.0
o_358,1660,2026-01-14 10:00:00,19.0
o_359,1660,2026-03-03 15:00:00,99.0
o_360,1662,2026-02-10 14:00:00,49.0
o_361,1665,2026-01-18 17:00:00,149.0
o_362,1680,2026-02-11 15:00:00,49.0
o_363,1680,2026-02-25 15:00:00,19.0
o_364,1681,2026-01-06 09:00:00,149.0
o_365,1681,2026-01-08 13:00:00,149.0
o_366,1683,2026-01-05 12:00:00,149.0
o_367,1685,2026-03-10 09:00:00,19.0
o_368,1685,2026-03-25 16:00:00,99.0
o_369,1687,2026-01-16 12:00:00,19.0
o_370,1690,2026-02-22 11:00:00,49.0
o_371,1694,2026-03-08 13:00:00,149.0
o_372,1694,2026-03-23 16:00:00,149.0
o_373,1695,2026-03-09 15:00:00,19.0
o_374,1697,2026-01-02 14:00:00,99.0
o_375,1697,2026-01-30 11:00:00,99.0
o_376,1703,2026-01-04 16:00:00,49.0
o_377,1703,2026-01-07 17:00:00,19.0
o_378,1704,2026-01-10 16:00:00,19.0
o_379,1704,2026-02-19 17:00:00,99.0
o_380,1707,2026-01-24 09:00:00,149.0
o_381,1707,2026-02-05 12:00:00,49.0
o_382,1708,2026-01-12 15:00:00,19.0
o_383,1709,2026-01-28 11:00:00,19.0
o_384,1711,2026-01-07 09:00:00,49.0
o_385,1718,2026-01-08 18:00:00,19.0
o_386,1720,2026-01-15 09:00:00,99.0
o_387,1722,2026-02-12 18:00:00,99.0
o_388,1725,2026-01-21 10:00:00,99.0
o_389,1726,2026-02-17 13:00:00,49.0
o_390,1727,2026-01-05 12:00:00,99.0
o_391,1727,2026-02-16 12:00:00,149.0
o_392,1730,2026-02-18 15:00:00,99.0
o_393,1733,2026-03-24 17:00:00,99.0
o_394,1734,2026-01-24 11:00:00,99.0
o_395,1736,2026-02-23 17:00:00,49.0
o_396,1739,2026-01-25 17:00:00,19.0
o_397,1741,2026-01-22 09:00:00,49.0
o_398,1742,2026-01-17 09:00:00,149.0
o_399,1743,2026-03-16 15:00:00,99.0
o_400,1746,2026-01-13 09:00:00,99.0
o_401,1746,2026-03-30 15:00:00,49.0
o_402,1749,2026-03-20 12:00:00,149.0
o_403,1751,2026-02-24 11:00:00,19.0
o_404,1751,2026-03-04 15:00:00,149.0
o_405,1752,2026-01-13 12:00:00,99.0
o_406,1753,2026-02-04 10:00:00,149.0
o_407,1757,2026-02-01 15:00:00,149.0
o_408,1757,2026-03-02 11:00:00,149.0
o_409,1761,2026-01-12 15:00:00,149.0
o_410,1763,2026-01-31 15:00:00,149.0
o_411,1771,2026-02-22 13:00:00,99.0
o_412,1771,2026-03-07 15:00:00,149.0
o_413,1772,2026-02-12 09:00:00,19.0
o_414,1773,2026-01-26 10:00:00,149.0
o_415,1774,2026-02-14 14:00:00,99.0
o_416,1778,2026-02-22 10:00:00,149.0
o_417,1783,2026-01-10 15:00:00,49.0
o_418,1784,2026-02-05 17:00:00,19.0
o_419,1785,2026-03-24 10:00:00,49.0
o_420,1786,2026-02-28 13:00:00,49.0
o_421,1786,2026-03-13 12:00:00,19.0
o_422,1788,2026-02-15 10:00:00,149.0
o_423,1790,2026-01-07 13:00:00,99.0
o_424,1791,2026-03-25 17:00:00,19.0
o_425,1792,2026-02-14 11:00:00,99.0
o_426,1792,2026-02-17 11:00:00,99.0
o_427,1792,2026-03-24 18:00:00,99.0
o_428,1795,2026-01-08 17:00:00,99.0
o_429,1795,2026-01-12 16:00:00,99.0
o_430,1797,2026-01-24 10:00:00,99.0
o_431,1798,2026-02-21 16:00:00,19.0
o_432,1800,2026-01-20 13:00:00,49.0
o_433,1801,2026-01-08 16:00:00,149.0
o_434,1802,2026-02-14 16:00:00,19.0
o_435,1802,2026-03-24 16:00:00,49.0
o_436,1806,2026-01-08 13:00:00,149.0
o_437,1806,2026-02-18 10:00:00,149.0
o_438,1807,2026-01-19 17:00:00,19.0
o_439,1808,2026-01-20 10:00:00,49.0
o_440,1818,2026-03-26 18:00:00,99.0
o_441,1819,2026-03-09 15:00:00,19.0
o_442,1825,2026-02-20 09:00:00,99.0
o_443,1826,2026-01-24 14:00:00,99.0
o_444,1826,2026-03-29 14:00:00,19.0
o_445,1828,2026-01-14 14:00:00,149.0
o_446,1830,2026-03-31 14:00:00,49.0
o_447,1834,2026-02-10 16:00:00,99.0
o_448,1835,2026-01-16 10:00:00,99.0
o_449,1844,2026-03-03 17:00:00,49.0
o_450,1846,2026-01-10 16:00:00,19.0
o_451,1847,2026-03-18 16:00:00,99.0
o_452,1848,2026-03-06 16:00:00,49.0
o_453,1848,2026-03-09 14:00:00,149.0
o_454,1851,2026-03-14 09:00:00,19.0
o_455,1853,2026-02-22 09:00:00,99.0
o_456,1855,2026-02-08 15:00:00,19.0
o_457,1859,2026-01-02 18:00:00,49.0
o_458,1861,2026-02-19 15:00:00,19.0
o_459,1864,2026-01-01 09:00:00,49.0
o_460,1867,2026-02-28 18:00:00,19.0
o_461,1868,2026-01-25 14:00:00,149.0
o_462,1869,2026-02-05 11:00:00,19.0
o_463,1872,2026-01-08 11:00:00,149.0
o_464,1872,2026-03-07 12:00:00,19.0
o_465,1872,2026-03-13 10:00:00,149.0
o_466,1873,2026-01-20 16:00:00,99.0
o_467,1874,2026-02-22 13:00:00,49.0
o_468,1875,2026-02-03 13:00:00,49.0
o_469,1875,2026-03-15 13:00:00,149.0
o_470,1876,2026-01-02 13:00:00,49.0
o_471,1877,2026-03-12 17:00:00,99.0
o_472,1878,2026-02-03 16:00:00,49.0
o_473,1881,2026-01-24 13:00:00,149.0
o_474,1882,2026-02-09 15:00:00,49.0
o_475,1884,2026-01-16 10:00:00,19.0
o_476,1885,2026-03-22 17:00:00,19.0
o_477,1887,2026-01-27 18:00:00,49.0
o_478,1889,2026-01-30 18:00:00,19.0
o_479,1894,2026-01-07 12:00:00,49.0
o_480,1894,2026-02-17 17:00:00,149.0
o_481,1896,2026-01-22 18:00:00,19.0
o_482,1896,2026-02-01 14:00:00,99.0
o_483,1898,2026-02-22 10:00:00,99.0
o_484,1900,2026-01-08 14:00:00,49.0
o_485,1901,2026-01-02 17:00:00,99.0
o_486,1904,2026-02-12 18:00:00,99.0
o_487,1904,2026-03-22 13:00:00,49.0
o_488,1907,2026-03-18 17:00:00,19.0
o_489,1909,2026-01-01 11:00:00,149.0
o_490,1909,2026-01-23 13:00:00,49.0
o_491,1911,2026-01-17 18:00:00,49.0
o_492,1912,2026-02-10 10:00:00,99.0
o_493,1915,2026-03-02 14:00:00,149.0
o_494,1916,2026-01-27 14:00:00,49.0
o_495,1919,2026-01-22 09:00:00,49.0
o_496,1921,2026-02-18 13:00:00,49.0
o_497,1923,2026-01-24 16:00:00,99.0
o_498,1924,2026-01-15 11:00:00,49.0
o_499,1926,2026-02-04 11:00:00,49.0
o_500,1929,2026-02-01 17:00:00,99.0
o_501,1929,2026-02-15 15:00:00,149.0
o_502,1932,2026-01-21 18:00:00,149.0
o_503,1937,2026-01-27 16:00:00,19.0
o_504,1937,2026-02-13 17:00:00,19.0
o_505,1937,2026-02-14 10:00:00,19.0
o_506,1940,2026-02-02 16:00:00,49.0
o_507,1944,2026-03-23 17:00:00,99.0
o_508,1946,2026-01-29 09:00:00,99.0
o_509,1954,2026-03-21 18:00:00,99.0
o_510,1955,2026-01-15 12:00:00,19.0
o_511,1955,2026-01-18 16:00:00,49.0
o_512,1955,2026-01-21 12:00:00,49.0
o_513,1956,2026-01-18 10:00:00,99.0
o_514,1965,2026-01-16 10:00:00,149.0
o_515,1965,2026-03-06 13:00:00,149.0
o_516,1966,2026-02-06 09:00:00,19.0
o_517,1967,2026-01-28 09:00:00,149.0
o_518,1967,2026-02-16 16:00:00,19.0
o_519,1970,2026-02-16 16:00:00,99.0
o_520,1970,2026-03-11 14:00:00,149.0
o_521,1970,2026-03-14 11:00:00,19.0
o_522,1973,2026-01-11 16:00:00,149.0
o_523,1974,2026-02-26 09:00:00,19.0
o_524,1979,2026-02-18 16:00:00,99.0
o_525,1980,2026-02-07 15:00:00,99.0
o_526,1981,2026-03-03 11:00:00,99.0
o_527,1982,2026-01-07 12:00:00,19.0
o_528,1982,2026-02-10 09:00:00,19.0
o_529,1984,2026-03-02 11:00:00,49.0
o_530,1986,2026-01-16 09:00:00,49.0
o_531,1987,2026-02-06 18:00:00,99.0
o_532,1993,2026-02-17 11:00:00,49.0
o_533,1995,2026-01-16 12:00:00,19.0
o_534,1997,2026-01-17 09:00:00,99.0
o_535,1997,2026-03-27 18:00:00,99.0
o_536,1998,2026-02-17 14:00:00,19.0
o_537,1999,2026-03-15 18:00:00,149.0
o_538,2005,2026-02-08 11:00:00,149.0
o_539,2005,2026-03-15 11:00:00,49.0
o_540,2007,2026-02-20 16:00:00,149.0
o_541,2007,2026-02-26 14:00:00,49.0
o_542,2010,2026-01-08 15:00:00,99.0
o_543,2010,2026-03-04 13:00:00,99.0
o_544,2013,2026-02-10 18:00:00,49.0
o_545,2015,2026-02-25 10:00:00,149.0
o_546,2020,2026-01-05 11:00:00,49.0
o_547,2021,2026-01-13 15:00:00,99.0
o_548,2023,2026-01-24 11:00:00,99.0
o_549,2025,2026-01-21 10:00:00,49.0
o_550,2029,2026-01-21 09:00:00,49.0
o_551,2033,2026-01-07 15:00:00,49.0
o_552,2033,2026-01-14 13:00:00,49.0
o_553,2033,2026-02-17 15:00:00,19.0
o_554,2036,2026-02-20 12:00:00,19.0
o_555,2037,2026-01-01 12:00:00,19.0
o_556,2037,2026-02-04 15:00:00,99.0
o_557,2040,2026-02-17 12:00:00,49.0
o_558,2040,2026-03-03 16:00:00,49.0
o_559,2041,2026-03-16 10:00:00,149.0
o_560,2048,2026-02-10 12:00:00,19.0
o_561,2049,2026-01-11 16:00:00,19.0
o_562,2052,2026-03-09 14:00:00,149.0
o_563,2053,2026-03-29 18:00:00,49.0
o_564,2056,2026-02-05 11:00:00,19.0
o_565,2058,2026-01-20 10:00:00,49.0
o_566,2060,2026-01-02 09:00:00,99.0
o_567,2061,2026-02-10 16:00:00,49.0
o_568,2065,2026-03-23 13:00:00,149.0
o_569,2069,2026-03-06 13:00:00,149.0
o_570,2072,2026-01-29 11:00:00,49.0
o_571,2072,2026-02-11 13:00:00,49.0
o_572,2073,2026-02-11 18:00:00,149.0
o_573,2075,2026-02-07 09:00:00,49.0
o_574,2075,2026-02-13 18:00:00,19.0
o_575,2076,2026-01-02 15:00:00,49.0
o_576,2078,2026-01-18 12:00:00,49.0
o_577,2078,2026-01-21 17:00:00,99.0
o_578,2079,2026-03-02 12:00:00,149.0
o_579,2079,2026-03-27 09:00:00,149.0
o_580,2079,2026-03-29 09:00:00,149.0
o_581,2081,2026-01-21 16:00:00,19.0
o_582,2082,2026-01-30 09:00:00,19.0
o_583,2088,2026-01-16 09:00:00,49.0
o_584,2089,2026-01-12 14:00:00,49.0
o_585,2100,2026-02-05 11:00:00,99.0
o_586,2101,2026-01-05 14:00:00,49.0
o_587,2105,2026-01-14 11:00:00,99.0
o_588,2105,2026-02-02 11:00:00,99.0
o_589,2106,2026-01-16 17:00:00,149.0
o_590,2107,2026-01-12 09:00:00,99.0
o_591,2108,2026-03-11 12:00:00,149.0
o_592,2114,2026-01-18 16:00:00,149.0
o_593,2115,2026-02-20 11:00:00,149.0
o_594,2117,2026-01-27 17:00:00,19.0
o_595,2119,2026-02-23 09:00:00,19.0
o_596,2120,2026-01-19 13:00:00,99.0
o_597,2120,2026-03-29 11:00:00,99.0
o_598,2121,2026-03-20 09:00:00,49.0
o_599,2125,2026-01-23 10:00:00,149.0
o_600,2125,2026-03-20 13:00:00,149.0
o_601,2129,2026-01-11 15:00:00,149.0
o_602,2129,2026-03-25 10:00:00,99.0
o_603,2130,2026-01-16 10:00:00,49.0
o_604,2130,2026-01-31 13:00:00,99.0
o_605,2130,2026-02-17 13:00:00,19.0
o_606,2132,2026-01-10 18:00:00,99.0
o_607,2132,2026-01-25 13:00:00,49.0
o_608,2133,2026-02-17 16:00:00,19.0
o_609,2134,2026-01-04 12:00:00,149.0
o_610,2137,2026-02-09 17:00:00,49.0
o_611,2138,2026-02-21 17:00:00,49.0
o_612,2140,2026-02-20 18:00:00,19.0
o_613,2141,2026-02-05 18:00:00,49.0
o_614,2143,2026-03-18 13:00:00,149.0
o_615,2145,2026-03-22 14:00:00,19.0
o_616,2147,2026-02-05 17:00:00,49.0
o_617,2149,2026-02-05 13:00:00,49.0
o_618,2150,2026-03-23 15:00:00,149.0
o_619,2152,2026-03-05 18:00:00,149.0
o_620,2153,2026-03-16 13:00:00,19.0
o_621,2156,2026-01-01 10:00:00,49.0
o_622,2156,2026-01-08 12:00:00,19.0
o_623,2157,2026-01-07 10:00:00,19.0
o_624,2157,2026-01-27 10:00:00,149.0
o_625,2158,2026-01-03 17:00:00,149.0
o_626,2158,2026-01-27 13:00:00,99.0
o_627,2158,2026-03-08 12:00:00,49.0
o_628,2158,2026-03-15 10:00:00,149.0
o_629,2162,2026-02-01 13:00:00,19.0
o_630,2162,2026-02-12 13:00:00,149.0
o_631,2164,2026-03-20 10:00:00,149.0
o_632,2165,2026-02-26 17:00:00,19.0
o_633,2167,2026-01-07 18:00:00,149.0
o_634,2168,2026-03-09 14:00:00,19.0
o_635,2169,2026-02-06 10:00:00,19.0
o_636,2170,2026-03-30 18:00:00,49.0
o_637,2172,2026-02-18 11:00:00,99.0
o_638,2173,2026-01-16 09:00:00,99.0
o_639,2175,2026-01-31 09:00:00,19.0
o_640,2178,2026-02-17 10:00:00,149.0
o_641,2179,2026-01-15 12:00:00,99.0
o_642,2181,2026-03-04 14:00:00,49.0
o_643,2181,2026-03-19 09:00:00,19.0
o_644,2183,2026-01-06 10:00:00,99.0
o_645,2187,2026-01-07 17:00:00,149.0
o_646,2187,2026-01-23 13:00:00,99.0
o_647,2189,2026-01-27 16:00:00,99.0
o_648,2189,2026-02-25 18:00:00,99.0
o_649,2190,2026-02-22 17:00:00,99.0
o_650,2196,2026-02-28 09:00:00,99.0
o_651,2197,2026-02-03 10:00:00,49.0
o_652,2201,2026-02-04 09:00:00,19.0
o_653,2205,2026-03-22 11:00:00,19.0
o_654,2207,2026-01-07 10:00:00,19.0
o_655,2209,2026-01-19 12:00:00,19.0
o_656,2210,2026-03-15 16:00:00,149.0
o_657,2211,2026-01-17 13:00:00,19.0
o_658,2212,2026-02-03 13:00:00,99.0
o_659,2215,2026-01-09 18:00:00,49.0
o_660,2216,2026-01-18 12:00:00,49.0
o_661,2216,2026-02-01 15:00:00,49.0
o_662,2217,2026-02-21 15:00:00,99.0
o_663,2223,2026-01-14 12:00:00,19.0
o_664,2223,2026-01-15 18:00:00,149.0
o_665,2227,2026-03-28 10:00:00,149.0
o_666,2228,2026-02-14 14:00:00,99.0
o_667,2230,2026-02-25 12:00:00,19.0
o_668,2232,2026-02-18 15:00:00,19.0
o_669,2234,2026-01-24 16:00:00,149.0
o_670,2235,2026-01-25 14:00:00,149.0
o_671,2242,2026-03-03 18:00:00,99.0
o_672,2242,2026-03-08 16:00:00,99.0
o_673,2244,2026-01-13 12:00:00,149.0
o_674,2245,2026-01-01 17:00:00,99.0
o_675,2245,2026-01-03 11:00:00,99.0
o_676,2246,2026-01-07 16:00:00,149.0
o_677,2246,2026-02-25 14:00:00,149.0
o_678,2252,2026-01-06 18:00:00,49.0
o_679,2255,2026-01-01 12:00:00,49.0
o_680,2255,2026-02-10 17:00:00,19.0
o_681,2257,2026-02-25 11:00:00,99.0
o_682,2259,2026-02-02 12:00:00,149.0
o_683,2262,2026-03-09 18:00:00,19.0
o_684,2265,2026-01-10 11:00:00,99.0
o_685,2265,2026-01-31 14:00:00,19.0
o_686,2267,2026-01-02 15:00:00,149.0
o_687,2267,2026-02-25 11:00:00,99.0
o_688,2269,2026-01-22 16:00:00,99.0
o_689,2271,2026-02-01 15:00:00,149.0
o_690,2273,2026-02-19 11:00:00,99.0
o_691,2274,2026-01-30 17:00:00,49.0
o_692,2275,2026-01-28 11:00:00,19.0
o_693,2276,2026-03-04 16:00:00,49.0
o_694,2279,2026-03-02 15:00:00,99.0
o_695,2279,2026-03-08 17:00:00,19.0
o_696,2279,2026-03-24 16:00:00,149.0
o_697,2280,2026-01-18 12:00:00,149.0
o_698,2286,2026-01-21 12:00:00,49.0
o_699,2287,2026-02-01 10:00:00,49.0
o_700,2292,2026-02-19 11:00:00,49.0
o_701,2292,2026-02-24 15:00:00,19.0
o_702,2292,2026-03-26 12:00:00,19.0
o_703,2296,2026-01-01 10:00:00,99.0
o_704,2299,2026-03-14 14:00:00,149.0
o_705,2301,2026-01-03 10:00:00,99.0
o_706,2301,2026-01-04 10:00:00,99.0
o_707,2304,2026-03-09 14:00:00,99.0
o_708,2305,2026-01-25 10:00:00,99.0
o_709,2305,2026-03-14 18:00:00,149.0
o_710,2308,2026-03-12 16:00:00,149.0
o_711,2308,2026-03-26 10:00:00,49.0
o_712,2309,2026-01-17 17:00:00,149.0
o_713,2310,2026-02-07 09:00:00,19.0
o_714,2314,2026-02-04 14:00:00,49.0
o_715,2314,2026-02-12 14:00:00,19.0
o_716,2315,2026-02-28 15:00:00,149.0
o_717,2316,2026-02-01 16:00:00,19.0
o_718,2317,2026-03-18 09:00:00,49.0
o_719,2318,2026-02-26 18:00:00,49.0
o_720,2320,2026-02-18 15:00:00,149.0
o_721,2325,2026-01-06 09:00:00,99.0
o_722,2326,2026-03-10 11:00:00,19.0
o_723,2332,2026-01-03 15:00:00,149.0
o_724,2339,2026-02-08 13:00:00,19.0
o_725,2344,2026-03-08 11:00:00,149.0
o_726,2347,2026-03-07 18:00:00,149.0
o_727,2348,2026-02-23 16:00:00,19.0
o_728,2353,2026-01-25 16:00:00,99.0
o_729,2355,2026-02-04 11:00:00,149.0
o_730,2358,2026-01-04 15:00:00,149.0
o_731,2358,2026-03-14 17:00:00,49.0
o_732,2360,2026-01-01 13:00:00,19.0
o_733,2364,2026-01-27 12:00:00,19.0
o_734,2366,2026-02-19 18:00:00,19.0
o_735,2367,2026-01-16 14:00:00,149.0
o_736,2370,2026-02-26 10:00:00,149.0
o_737,2373,2026-01-24 10:00:00,99.0
o_738,2373,2026-02-22 15:00:00,19.0
o_739,2377,2026-03-07 16:00:00,49.0
o_740,2379,2026-01-07 11:00:00,99.0
o_741,2380,2026-01-25 12:00:00,49.0
o_742,2381,2026-02-17 16:00:00,149.0
o_743,2384,2026-01-09 16:00:00,149.0
o_744,2388,2026-01-11 10:00:00,19.0
o_745,2389,2026-03-08 10:00:00,19.0
o_746,2390,2026-01-19 18:00:00,99.0
o_747,2390,2026-02-02 16:00:00,99.0
o_748,2390,2026-02-16 09:00:00,99.0
o_749,2394,2026-02-05 17:00:00,49.0
o_750,2401,2026-01-16 10:00:00,49.0
o_751,2402,2026-01-09 16:00:00,99.0
o_752,2404,2026-01-23 11:00:00,149.0
o_753,2404,2026-03-21 09:00:00,99.0
o_754,2405,2026-01-02 18:00:00,49.0
o_755,2409,2026-02-03 15:00:00,19.0
o_756,2409,2026-02-22 13:00:00,99.0
o_757,2410,2026-02-15 13:00:00,19.0
o_758,2411,2026-01-16 09:00:00,99.0
o_759,2411,2026-03-01 17:00:00,19.0
o_760,2412,2026-01-05 18:00:00,19.0
o_761,2415,2026-01-06 17:00:00,49.0
o_762,2415,2026-02-26 14:00:00,99.0
o_763,2417,2026-01-12 13:00:00,149.0
o_764,2417,2026-03-27 11:00:00,99.0
o_765,2419,2026-03-06 16:00:00,99.0
o_766,2421,2026-01-20 13:00:00,99.0
o_767,2422,2026-01-14 14:00:00,99.0
o_768,2423,2026-02-28 10:00:00,149.0
o_769,2424,2026-02-23 12:00:00,99.0
o_770,2429,2026-03-01 12:00:00,99.0
o_771,2429,2026-03-29 18:00:00,19.0
o_772,2430,2026-01-30 17:00:00,149.0
o_773,2430,2026-02-19 15:00:00,49.0
o_774,2430,2026-03-20 14:00:00,99.0
o_775,2431,2026-03-22 11:00:00,49.0
o_776,2432,2026-01-06 09:00:00,49.0
o_777,2435,2026-03-12 10:00:00,49.0
o_778,2436,2026-01-12 15:00:00,49.0
o_779,2437,2026-01-03 15:00:00,99.0
o_780,2440,2026-01-09 10:00:00,149.0
o_781,2442,2026-02-15 15:00:00,99.0
o_782,2444,2026-02-03 13:00:00,99.0
o_783,2448,2026-01-19 17:00:00,99.0
o_784,2448,2026-01-20 12:00:00,49.0
o_785,2450,2026-01-14 13:00:00,149.0
o_786,2451,2026-01-28 12:00:00,149.0
o_787,2452,2026-02-02 13:00:00,19.0
o_788,2454,2026-01-24 11:00:00,19.0
o_789,2461,2026-01-29 15:00:00,49.0
o_790,2462,2026-03-06 16:00:00,149.0
o_791,2463,2026-01-01 11:00:00,149.0
o_792,2463,2026-01-02 16:00:00,49.0
o_793,2464,2026-01-30 17:00:00,149.0
o_794,2466,2026-02-01 18:00:00,149.0
o_795,2470,2026-02-15 10:00:00,19.0
o_796,2471,2026-01-08 16:00:00,19.0
o_797,2471,2026-02-25 18:00:00,49.0
o_798,2473,2026-02-19 10:00:00,99.0
o_799,2475,2026-02-06 16:00:00,149.0
o_800,2476,2026-01-07 11:00:00,149.0
o_801,2477,2026-03-03 16:00:00,149.0
o_802,2478,2026-01-21 11:00:00,19.0
o_803,2481,2026-01-02 09:00:00,149.0
o_804,2481,2026-03-05 11:00:00,49.0
o_805,2485,2026-03-29 17:00:00,99.0
o_806,2487,2026-02-03 12:00:00,99.0
o_807,2489,2026-03-22 14:00:00,99.0
o_808,2491,2026-02-21 16:00:00,99.0
o_809,2492,2026-02-19 12:00:00,149.0
o_810,2493,2026-01-12 11:00:00,99.0
o_811,2494,2026-01-11 17:00:00,49.0
o_812,2496,2026-01-05 15:00:00,49.0
o_813,2497,2026-02-15 11:00:00,99.0
o_814,2499,2026-02-01 18:00:00,49.0
o_815,2500,2026-02-14 10:00:00,49.0
o_816,2502,2026-02-12 17:00:00,99.0
o_817,2505,2026-03-31 12:00:00,19.0
o_818,2506,2026-02-11 18:00:00,19.0
o_819,2508,2026-01-21 14:00:00,149.0
o_820,2508,2026-02-19 10:00:00,99.0
o_821,2511,2026-01-31 10:00:00,149.0
o_822,2511,2026-02-21 11:00:00,99.0
o_823,2518,2026-01-13 16:00:00,19.0
o_824,2524,2026-01-30 10:00:00,99.0
o_825,2524,2026-03-08 18:00:00,149.0
o_826,2527,2026-01-04 16:00:00,99.0
o_827,2527,2026-01-18 16:00:00,99.0
o_828,2530,2026-01-27 09:00:00,149.0
o_829,2533,2026-02-21 15:00:00,99.0
o_830,2533,2026-03-14 09:00:00,49.0
o_831,2534,2026-01-29 10:00:00,99.0
o_832,2537,2026-01-12 15:00:00,149.0
o_833,2537,2026-01-15 18:00:00,99.0
o_834,2538,2026-02-08 13:00:00,19.0
o_835,2539,2026-02-10 17:00:00,19.0
o_836,2545,2026-01-21 13:00:00,19.0
o_837,2550,2026-01-28 18:00:00,19.0
o_838,2550,2026-02-02 17:00:00,49.0
o_839,2550,2026-02-10 13:00:00,149.0
o_840,2550,2026-03-27 17:00:00,149.0
o_841,2552,2026-01-19 12:00:00,19.0
o_842,2552,2026-03-23 12:00:00,99.0
o_843,2553,2026-01-25 12:00:00,99.0
o_844,2554,2026-01-05 13:00:00,149.0
o_845,2555,2026-01-09 09:00:00,99.0
o_846,2556,2026-02-05 15:00:00,149.0
o_847,2556,2026-03-10 14:00:00,19.0
o_848,2560,2026-03-14 12:00:00,49.0
o_849,2562,2026-01-15 13:00:00,149.0
o_850,2562,2026-02-28 16:00:00,149.0
o_851,2562,2026-03-20 12:00:00,149.0
o_852,2564,2026-03-13 10:00:00,99.0
o_853,2567,2026-01-07 13:00:00,149.0
o_854,2567,2026-01-17 13:00:00,149.0
o_855,2571,2026-01-01 10:00:00,19.0
o_856,2573,2026-01-30 17:00:00,99.0
o_857,2576,2026-01-20 10:00:00,99.0
o_858,2576,2026-03-23 18:00:00,99.0
o_859,2578,2026-01-30 12:00:00,149.0
o_860,2579,2026-02-21 09:00:00,19.0
o_861,2581,2026-02-09 15:00:00,99.0
o_862,2582,2026-01-01 17:00:00,19.0
o_863,2582,2026-02-08 12:00:00,49.0
o_864,2583,2026-01-03 13:00:00,99.0
o_865,2583,2026-02-20 09:00:00,149.0
o_866,2584,2026-01-20 12:00:00,149.0
o_867,2584,2026-03-07 14:00:00,49.0
o_868,2585,2026-02-12 16:00:00,19.0
o_869,2585,2026-03-19 18:00:00,19.0
o_870,2587,2026-02-13 16:00:00,149.0
o_871,2591,2026-03-27 09:00:00,19.0
o_872,2592,2026-02-11 09:00:00,49.0
o_873,2593,2026-01-07 09:00:00,99.0
o_874,2596,2026-01-27 13:00:00,149.0
o_875,2599,2026-02-09 11:00:00,149.0
o_876,2600,2026-01-24 09:00:00,99.0
o_877,2601,2026-02-12 13:00:00,149.0
o_878,2603,2026-01-30 17:00:00,49.0
o_879,2607,2026-01-07 12:00:00,99.0
o_880,2608,2026-03-03 14:00:00,49.0
o_881,2610,2026-01-09 18:00:00,99.0
o_882,2611,2026-03-11 12:00:00,99.0
o_883,2612,2026-03-30 14:00:00,99.0
o_884,2616,2026-02-04 18:00:00,19.0
o_885,2618,2026-01-30 10:00:00,149.0
o_886,2624,2026-02-16 14:00:00,149.0
o_887,2625,2026-02-04 13:00:00,49.0
o_888,2627,2026-02-18 12:00:00,99.0
o_889,2632,2026-03-11 15:00:00,49.0
o_890,2633,2026-01-21 12:00:00,49.0
o_891,2633,2026-01-26 15:00:00,19.0
o_892,2636,2026-01-19 14:00:00,99.0
o_893,2638,2026-01-22 13:00:00,149.0
o_894,2638,2026-01-26 18:00:00,149.0
o_895,2639,2026-02-08 12:00:00,49.0
o_896,2643,2026-02-14 16:00:00,19.0
o_897,2644,2026-02-24 12:00:00,99.0
o_898,2645,2026-02-01 09:00:00,49.0
o_899,2649,2026-01-26 12:00:00,49.0
o_900,2652,2026-02-28 11:00:00,99.0
o_901,2653,2026-03-09 16:00:00,49.0
o_902,2653,2026-03-29 13:00:00,19.0
o_903,2653,2026-03-30 16:00:00,49.0
o_904,2654,2026-02-25 12:00:00,99.0
o_905,2656,2026-02-16 16:00:00,149.0
o_906,2658,2026-02-08 09:00:00,49.0
o_907,2660,2026-01-24 14:00:00,19.0
o_908,2662,2026-01-07 15:00:00,99.0
o_909,2662,2026-01-09 17:00:00,49.0
o_910,2662,2026-01-26 14:00:00,49.0
o_911,2664,2026-01-22 18:00:00,49.0
o_912,2666,2026-01-28 10:00:00,149.0
o_913,2666,2026-02-18 09:00:00,19.0
o_914,2667,2026-03-06 15:00:00,149.0
o_915,2667,2026-03-25 11:00:00,49.0
o_916,2668,2026-01-30 18:00:00,49.0
o_917,2670,2026-02-18 16:00:00,19.0
o_918,2671,2026-01-21 10:00:00,99.0
o_919,2672,2026-02-10 15:00:00,149.0
o_920,2676,2026-02-11 16:00:00,49.0
o_921,2678,2026-02-18 09:00:00,149.0
o_922,2679,2026-02-07 09:00:00,149.0
o_923,2681,2026-02-20 13:00:00,19.0
o_924,2683,2026-01-14 13:00:00,149.0
o_925,2692,2026-03-12 09:00:00,19.0
o_926,2693,2026-01-09 12:00:00,149.0
o_927,2696,2026-02-05 09:00:00,149.0
o_928,2697,2026-02-09 16:00:00,49.0
o_929,2697,2026-03-09 16:00:00,49.0
o_930,2699,2026-01-03 16:00:00,149.0
o_931,2702,2026-02-16 17:00:00,19.0
o_932,2704,2026-01-24 18:00:00,99.0
o_933,2705,2026-01-08 09:00:00,99.0
o_934,2705,2026-02-03 17:00:00,99.0
o_935,2706,2026-02-02 10:00:00,19.0
o_936,2708,2026-01-08 18:00:00,49.0
o_937,2708,2026-01-27 14:00:00,49.0
o_938,2709,2026-01-23 15:00:00,19.0
o_939,2709,2026-01-28 09:00:00,99.0
o_940,2709,2026-02-17 11:00:00,149.0
o_941,2710,2026-01-18 10:00:00,49.0
o_942,2710,2026-01-26 18:00:00,19.0
o_943,2711,2026-02-18 11:00:00,19.0
o_944,2717,2026-01-15 12:00:00,19.0
o_945,2717,2026-03-28 18:00:00,49.0
o_946,2718,2026-03-15 17:00:00,19.0
o_947,2719,2026-01-27 12:00:00,99.0
o_948,2721,2026-01-31 15:00:00,99.0
o_949,2721,2026-02-24 15:00:00,49.0
o_950,2723,2026-01-27 11:00:00,19.0
o_951,2725,2026-03-12 13:00:00,149.0
o_952,2725,2026-03-18 09:00:00,149.0
o_953,2727,2026-03-10 09:00:00,149.0
o_954,2727,2026-03-27 14:00:00,99.0
o_955,2728,2026-01-16 12:00:00,49.0
o_956,2730,2026-01-17 13:00:00,149.0
o_957,2730,2026-01-26 13:00:00,49.0
o_958,2731,2026-02-09 15:00:00,49.0
o_959,2732,2026-01-13 15:00:00,99.0
o_960,2732,2026-01-17 09:00:00,19.0
o_961,2734,2026-01-27 12:00:00,49.0
o_962,2735,2026-01-17 14:00:00,99.0
o_963,2737,2026-01-20 10:00:00,49.0
o_964,2739,2026-01-02 16:00:00,19.0
o_965,2745,2026-01-24 16:00:00,149.0
o_966,2745,2026-02-15 14:00:00,99.0
o_967,2748,2026-01-19 11:00:00,49.0
o_968,2753,2026-01-08 16:00:00,99.0
o_969,2753,2026-02-05 12:00:00,99.0
o_970,2755,2026-02-08 18:00:00,149.0
o_971,2756,2026-02-08 14:00:00,49.0
o_972,2762,2026-01-09 14:00:00,49.0
o_973,2763,2026-02-07 16:00:00,49.0
o_974,2769,2026-02-04 09:00:00,49.0
o_975,2773,2026-03-29 18:00:00,149.0
o_976,2774,2026-01-13 14:00:00,149.0
o_977,2774,2026-02-25 16:00:00,19.0
o_978,2776,2026-01-05 10:00:00,99.0
o_979,2778,2026-02-03 14:00:00,19.0
o_980,2780,2026-01-26 18:00:00,19.0
o_981,2782,2026-01-23 17:00:00,99.0
o_982,2782,2026-03-16 18:00:00,99.0
o_983,2784,2026-01-26 16:00:00,99.0
o_984,2786,2026-01-16 15:00:00,149.0
o_985,2786,2026-02-02 17:00:00,49.0
o_986,2788,2026-02-25 15:00:00,49.0
o_987,2788,2026-03-04 17:00:00,149.0
o_988,2789,2026-03-12 12:00:00,19.0
o_989,2791,2026-02-03 18:00:00,99.0
o_990,2792,2026-01-29 11:00:00,99.0
o_991,2793,2026-01-04 09:00:00,19.0
o_992,2795,2026-01-13 18:00:00,149.0
o_993,2795,2026-02-13 13:00:00,149.0
o_994,2796,2026-03-16 09:00:00,19.0
o_995,2797,2026-01-03 12:00:00,99.0
o_996,2797,2026-02-25 10:00:00,99.0
o_997,2799,2026-01-30 09:00:00,49.0
o_998,2799,2026-02-02 18:00:00,99.0
o_999,2801,2026-01-21 14:00:00,19.0
o_1000,2801,2026-02-10 13:00:00,149.0
o_1001,2801,2026-02-12 13:00:00,149.0
o_1002,2806,2026-01-18 15:00:00,99.0
o_1003,2808,2026-03-07 13:00:00,149.0
o_1004,2812,2026-01-31 15:00:00,149.0
o_1005,2813,2026-02-13 12:00:00,19.0
o_1006,2813,2026-02-24 16:00:00,19.0
o_1007,2814,2026-02-05 12:00:00,99.0
o_1008,2814,2026-02-14 15:00:00,49.0
o_1009,2815,2026-01-24 14:00:00,149.0
o_1010,2817,2026-03-14 10:00:00,99.0
o_1011,2820,2026-01-16 11:00:00,19.0
o_1012,2820,2026-03-28 13:00:00,149.0
o_1013,2822,2026-01-03 17:00:00,99.0
o_1014,2826,2026-03-07 13:00:00,99.0
o_1015,2826,2026-03-29 13:00:00,149.0
o_1016,2828,2026-03-14 18:00:00,19.0
o_1017,2834,2026-03-18 10:00:00,149.0
o_1018,2835,2026-03-08 09:00:00,149.0
o_1019,2835,2026-03-18 16:00:00,19.0
o_1020,2836,2026-01-02 14:00:00,49.0
o_1021,2837,2026-01-20 10:00:00,149.0
o_1022,2837,2026-02-04 15:00:00,99.0
o_1023,2837,2026-03-24 14:00:00,149.0
o_1024,2838,2026-03-30 15:00:00,19.0
o_1025,2839,2026-01-09 14:00:00,49.0
o_1026,2840,2026-02-22 09:00:00,49.0
o_1027,2842,2026-02-21 10:00:00,19.0
o_1028,2845,2026-01-28 14:00:00,99.0
o_1029,2846,2026-01-05 18:00:00,149.0
o_1030,2848,2026-03-03 16:00:00,49.0
o_1031,2858,2026-01-15 10:00:00,99.0
o_1032,2859,2026-03-24 14:00:00,149.0
o_1033,2860,2026-01-09 18:00:00,49.0
o_1034,2860,2026-03-14 17:00:00,149.0
o_1035,2862,2026-01-29 12:00:00,49.0
o_1036,2864,2026-01-04 18:00:00,49.0
o_1037,2867,2026-01-15 14:00:00,149.0
o_1038,2868,2026-01-29 14:00:00,149.0
o_1039,2869,2026-01-29 13:00:00,19.0
o_1040,2870,2026-01-24 14:00:00,149.0
o_1041,2877,2026-01-01 10:00:00,49.0
o_1042,2877,2026-01-30 18:00:00,149.0
o_1043,2878,2026-03-14 18:00:00,19.0
o_1044,2883,2026-03-15 15:00:00,19.0
o_1045,2889,2026-01-03 10:00:00,19.0
o_1046,2892,2026-02-17 17:00:00,49.0
o_1047,2893,2026-02-18 12:00:00,19.0
o_1048,2893,2026-03-17 12:00:00,19.0
o_1049,2894,2026-01-18 16:00:00,49.0
o_1050,2896,2026-01-19 12:00:00,49.0
o_1051,2898,2026-02-11 16:00:00,19.0
o_1052,2902,2026-01-04 11:00:00,99.0
o_1053,2904,2026-01-15 10:00:00,99.0
o_1054,2904,2026-02-08 10:00:00,99.0
o_1055,2906,2026-01-21 13:00:00,99.0
o_1056,2906,2026-03-23 12:00:00,99.0
o_1057,2907,2026-01-16 10:00:00,19.0
o_1058,2912,2026-02-09 12:00:00,149.0
o_1059,2913,2026-01-09 17:00:00,49.0
o_1060,2913,2026-03-04 12:00:00,19.0
o_1061,2914,2026-01-31 16:00:00,19.0
o_1062,2915,2026-01-14 18:00:00,49.0
o_1063,2915,2026-01-31 12:00:00,19.0
o_1064,2915,2026-03-01 14:00:00,99.0
o_1065,2916,2026-01-15 09:00:00,99.0
o_1066,2917,2026-01-16 18:00:00,49.0
o_1067,2919,2026-03-31 12:00:00,49.0
o_1068,2921,2026-01-28 18:00:00,19.0
o_1069,2924,2026-02-01 10:00:00,49.0
o_1070,2928,2026-03-02 15:00:00,19.0
o_1071,2928,2026-03-11 13:00:00,49.0
o_1072,2929,2026-01-16 10:00:00,49.0
o_1073,2929,2026-02-01 13:00:00,149.0
o_1074,2930,2026-01-04 11:00:00,149.0
o_1075,2931,2026-01-30 12:00:00,99.0
o_1076,2932,2026-01-11 16:00:00,49.0
o_1077,2933,2026-03-22 14:00:00,49.0
o_1078,2936,2026-02-17 12:00:00,99.0
o_1079,2940,2026-01-09 17:00:00,19.0
o_1080,2944,2026-02-17 18:00:00,19.0
o_1081,2951,2026-03-28 18:00:00,19.0
o_1082,2952,2026-03-17 10:00:00,149.0
o_1083,2953,2026-01-24 13:00:00,99.0
o_1084,2954,2026-01-22 15:00:00,19.0
o_1085,2954,2026-02-03 14:00:00,99.0
o_1086,2959,2026-03-08 12:00:00,49.0
o_1087,2963,2026-01-30 12:00:00,49.0
o_1088,2965,2026-01-20 14:00:00,149.0
o_1089,2965,2026-03-23 11:00:00,49.0
o_1090,2966,2026-01-05 09:00:00,49.0
o_1091,2970,2026-01-04 13:00:00,99.0
o_1092,2972,2026-03-13 13:00:00,149.0
o_1093,2973,2026-02-05 12:00:00,149.0
o_1094,2973,2026-02-22 10:00:00,49.0
o_1095,2974,2026-02-21 17:00:00,19.0
o_1096,2976,2026-01-05 15:00:00,49.0
o_1097,2977,2026-03-28 09:00:00,49.0
o_1098,2978,2026-01-04 14:00:00,19.0
o_1099,2980,2026-01-23 14:00:00,49.0
o_1100,2981,2026-02-03 10:00:00,99.0
o_1101,2985,2026-01-28 18:00:00,49.0
o_1102,2991,2026-01-06 13:00:00,149.0
o_1103,2991,2026-01-07 14:00:00,49.0
o_1104,2993,2026-01-10 12:00:00,149.0
o_1105,2994,2026-01-12 12:00:00,99.0
o_1106,2994,2026-02-25 18:00:00,49.0
o_1107,2996,2026-02-07 09:00:00,99.0
o_1108,2996,2026-02-09 17:00:00,149.0
o_1109,2998,2026-01-26 11:00:00,99.0
o_1110,2999,2026-01-20 17:00:00,99.0
o_1111,3000,2026-02-20 09:00:00,99.0
o_1112,3000,2026-03-31 16:00:00,149.0
o_1113,3001,2026-01-28 18:00:00,149.0
o_1114,3002,2026-01-18 16:00:00,149.0
o_1115,3002,2026-01-25 14:00:00,149.0
o_1116,3003,2026-01-30 14:00:00,19.0
o_1117,3003,2026-03-24 13:00:00,19.0
o_1118,3006,2026-02-27 11:00:00,49.0
o_1119,3009,2026-01-04 13:00:00,149.0
o_1120,3009,2026-02-12 16:00:00,149.0
o_1121,3012,2026-02-24 17:00:00,49.0
o_1122,3013,2026-02-01 18:00:00,149.0
o_1123,3015,2026-01-16 18:00:00,19.0
o_1124,3019,2026-02-19 12:00:00,19.0
o_1125,3020,2026-01-08 18:00:00,149.0
o_1126,3020,2026-01-30 09:00:00,149.0
o_1127,3021,2026-01-10 17:00:00,99.0
o_1128,3025,2026-02-19 14:00:00,19.0
o_1129,3031,2026-02-26 15:00:00,19.0
o_1130,3031,2026-03-14 11:00:00,149.0
o_1131,3031,2026-03-21 09:00:00,149.0
o_1132,3032,2026-01-06 15:00:00,19.0
o_1133,3037,2026-01-30 17:00:00,49.0
o_1134,3040,2026-03-26 09:00:00,49.0
o_1135,3041,2026-02-22 14:00:00,19.0
o_1136,3043,2026-01-02 15:00:00,99.0
o_1137,3045,2026-02-18 14:00:00,19.0
o_1138,3049,2026-03-23 15:00:00,149.0
o_1139,3050,2026-02-03 17:00:00,149.0
o_1140,3050,2026-02-08 14:00:00,149.0
o_1141,3050,2026-03-03 14:00:00,49.0
o_1142,3050,2026-03-11 15:00:00,49.0
o_1143,3051,2026-01-04 13:00:00,19.0
o_1144,3052,2026-02-01 11:00:00,99.0
o_1145,3053,2026-01-11 11:00:00,149.0
o_1146,3054,2026-02-16 14:00:00,99.0
o_1147,3054,2026-03-24 09:00:00,99.0
o_1148,3056,2026-02-11 09:00:00,149.0
o_1149,3056,2026-02-16 18:00:00,19.0
o_1150,3057,2026-03-25 13:00:00,19.0
o_1151,3065,2026-03-09 10:00:00,99.0
o_1152,3070,2026-02-01 12:00:00,149.0
o_1153,3073,2026-02-19 15:00:00,149.0
o_1154,3073,2026-02-26 14:00:00,49.0
o_1155,3076,2026-02-03 15:00:00,99.0
o_1156,3077,2026-01-17 12:00:00,149.0
o_1157,3081,2026-02-27 18:00:00,19.0
o_1158,3081,2026-03-27 09:00:00,49.0
o_1159,3083,2026-02-25 17:00:00,99.0
o_1160,3090,2026-01-20 14:00:00,99.0
o_1161,3091,2026-02-04 12:00:00,19.0
o_1162,3093,2026-01-24 09:00:00,19.0
o_1163,3093,2026-02-07 14:00:00,99.0
o_1164,3097,2026-01-29 10:00:00,149.0
o_1165,3098,2026-03-28 14:00:00,49.0
o_1166,3103,2026-03-16 13:00:00,19.0
o_1167,3105,2026-01-24 14:00:00,149.0
o_1168,3105,2026-02-24 09:00:00,149.0
o_1169,3107,2026-01-17 10:00:00,149.0
o_1170,3108,2026-01-22 14:00:00,149.0
o_1171,3108,2026-02-06 11:00:00,99.0
o_1172,3110,2026-02-18 12:00:00,149.0
o_1173,3114,2026-01-21 12:00:00,99.0
o_1174,3114,2026-01-23 12:00:00,149.0
o_1175,3115,2026-03-10 11:00:00,19.0
o_1176,3124,2026-02-20 17:00:00,149.0
o_1177,3126,2026-02-10 12:00:00,49.0
o_1178,3129,2026-03-05 10:00:00,49.0
o_1179,3130,2026-03-20 15:00:00,149.0
o_1180,3134,2026-02-08 17:00:00,149.0
o_1181,3134,2026-02-15 17:00:00,99.0
o_1182,3140,2026-01-04 16:00:00,49.0
o_1183,3140,2026-02-09 11:00:00,99.0
o_1184,3140,2026-03-09 12:00:00,99.0
o_1185,3143,2026-01-05 18:00:00,19.0
o_1186,3143,2026-02-17 17:00:00,19.0
o_1187,3144,2026-02-24 13:00:00,49.0
o_1188,3145,2026-01-02 16:00:00,99.0
o_1189,3146,2026-01-09 15:00:00,149.0
o_1190,3148,2026-01-15 14:00:00,99.0
o_1191,3149,2026-01-16 11:00:00,19.0
o_1192,3149,2026-03-10 11:00:00,49.0
o_1193,3151,2026-02-13 14:00:00,49.0
o_1194,3152,2026-01-30 10:00:00,49.0
o_1195,3153,2026-01-11 09:00:00,49.0
o_1196,3154,2026-02-24 13:00:00,99.0
o_1197,3158,2026-01-22 12:00:00,49.0
o_1198,3161,2026-01-28 15:00:00,49.0
o_1199,3161,2026-01-29 11:00:00,49.0
o_1200,3163,2026-01-19 12:00:00,19.0
o_1201,3167,2026-02-04 12:00:00,19.0
o_1202,3171,2026-01-22 17:00:00,19.0
o_1203,3171,2026-02-13 14:00:00,99.0
o_1204,3173,2026-03-12 09:00:00,19.0
o_1205,3175,2026-01-08 10:00:00,99.0
o_1206,3179,2026-02-21 10:00:00,149.0
o_1207,3180,2026-01-25 15:00:00,99.0
o_1208,3180,2026-02-19 11:00:00,99.0
o_1209,3182,2026-02-16 13:00:00,49.0
o_1210,3183,2026-02-10 11:00:00,149.0
o_1211,3184,2026-02-05 13:00:00,19.0
o_1212,3185,2026-01-04 09:00:00,149.0
o_1213,3186,2026-02-05 09:00:00,19.0
o_1214,3188,2026-02-22 13:00:00,99.0
o_1215,3188,2026-03-04 12:00:00,19.0
o_1216,3193,2026-03-01 16:00:00,19.0
o_1217,3194,2026-03-17 10:00:00,49.0
o_1218,3197,2026-03-14 10:00:00,149.0
o_1219,3199,2026-02-17 10:00:00,49.0
o_1220,3200,2026-01-23 14:00:00,99.0
o_1221,3200,2026-03-13 13:00:00,99.0
o_1222,3200,2026-03-25 13:00:00,49.0
o_1223,3202,2026-03-23 18:00:00,99.0
o_1224,3206,2026-02-05 18:00:00,49.0
o_1225,3206,2026-02-21 10:00:00,19.0
o_1226,3208,2026-03-07 15:00:00,19.0
o_1227,3209,2026-02-07 12:00:00,99.0
o_1228,3212,2026-02-11 15:00:00,99.0
o_1229,3215,2026-02-16 12:00:00,19.0
o_1230,3216,2026-01-27 11:00:00,49.0
o_1231,3217,2026-01-14 18:00:00,49.0
o_1232,3220,2026-02-24 11:00:00,19.0
o_1233,3222,2026-02-21 10:00:00,99.0
o_1234,3224,2026-01-16 14:00:00,149.0
o_1235,3225,2026-01-06 15:00:00,149.0
o_1236,3225,2026-01-16 11:00:00,49.0
o_1237,3231,2026-01-11 14:00:00,149.0
o_1238,3231,2026-01-27 11:00:00,19.0
o_1239,3233,2026-01-04 16:00:00,149.0
o_1240,3233,2026-01-26 12:00:00,49.0
o_1241,3234,2026-02-06 18:00:00,149.0
o_1242,3235,2026-01-14 14:00:00,19.0
o_1243,3237,2026-03-08 16:00:00,149.0
o_1244,3239,2026-01-09 13:00:00,49.0
o_1245,3239,2026-03-13 12:00:00,99.0
o_1246,3242,2026-02-24 14:00:00,149.0
o_1247,3243,2026-02-15 14:00:00,49.0
o_1248,3244,2026-01-14 15:00:00,149.0
o_1249,3245,2026-01-11 12:00:00,99.0
o_1250,3246,2026-01-01 14:00:00,49.0
o_1251,3246,2026-01-20 15:00:00,149.0
o_1252,3249,2026-01-07 18:00:00,149.0
o_1253,3249,2026-02-07 13:00:00,49.0
o_1254,3250,2026-01-27 14:00:00,149.0
o_1255,3250,2026-03-04 09:00:00,149.0
o_1256,3254,2026-02-01 13:00:00,149.0
o_1257,3254,2026-02-06 12:00:00,49.0
o_1258,3256,2026-03-18 17:00:00,99.0
o_1259,3257,2026-02-13 14:00:00,19.0
o_1260,3257,2026-02-25 10:00:00,149.0
o_1261,3259,2026-01-11 14:00:00,99.0
o_1262,3260,2026-02-22 15:00:00,19.0
o_1263,3260,2026-03-06 11:00:00,149.0
o_1264,3260,2026-03-20 13:00:00,19.0
o_1265,3262,2026-01-07 12:00:00,19.0
o_1266,3264,2026-01-18 11:00:00,19.0
o_1267,3267,2026-01-26 11:00:00,99.0
o_1268,3268,2026-01-10 11:00:00,49.0
o_1269,3274,2026-02-03 16:00:00,49.0
o_1270,3275,2026-02-08 11:00:00,19.0
o_1271,3281,2026-02-26 12:00:00,149.0
o_1272,3281,2026-03-12 12:00:00,19.0
o_1273,3283,2026-01-11 11:00:00,149.0
o_1274,3284,2026-01-18 15:00:00,99.0
o_1275,3284,2026-01-21 13:00:00,19.0
o_1276,3284,2026-03-29 10:00:00,49.0
o_1277,3289,2026-02-26 15:00:00,49.0
o_1278,3292,2026-01-12 11:00:00,49.0
o_1279,3294,2026-02-15 09:00:00,149.0
o_1280,3294,2026-03-29 17:00:00,99.0
o_1281,3295,2026-01-19 11:00:00,99.0
o_1282,3299,2026-01-21 14:00:00,49.0
o_1283,3302,2026-03-29 12:00:00,19.0
o_1284,3305,2026-01-28 10:00:00,19.0
o_1285,3305,2026-02-07 13:00:00,19.0
o_1286,3306,2026-01-21 10:00:00,99.0
o_1287,3307,2026-01-23 11:00:00,149.0
o_1288,3307,2026-02-04 14:00:00,19.0
o_1289,3308,2026-02-24 10:00:00,49.0
o_1290,3308,2026-03-06 13:00:00,99.0
o_1291,3312,2026-01-02 12:00:00,49.0
o_1292,3312,2026-02-25 17:00:00,19.0
o_1293,3313,2026-03-04 11:00:00,19.0
o_1294,3315,2026-02-20 14:00:00,49.0
o_1295,3320,2026-02-24 14:00:00,99.0
o_1296,3323,2026-02-10 10:00:00,49.0
o_1297,3325,2026-03-10 18:00:00,19.0
o_1298,3326,2026-01-24 12:00:00,99.0
o_1299,3327,2026-01-05 18:00:00,49.0
o_1300,3328,2026-03-09 10:00:00,49.0
o_1301,3330,2026-02-11 16:00:00,149.0
o_1302,3331,2026-02-27 17:00:00,99.0
o_1303,3335,2026-01-17 09:00:00,99.0
o_1304,3337,2026-02-03 11:00:00,19.0
o_1305,3338,2026-02-12 18:00:00,49.0
o_1306,3340,2026-02-11 10:00:00,99.0
o_1307,3346,2026-01-22 14:00:00,19.0
o_1308,3348,2026-01-25 18:00:00,19.0
o_1309,3353,2026-01-21 17:00:00,49.0
o_1310,3353,2026-02-10 11:00:00,99.0
o_1311,3353,2026-02-19 13:00:00,19.0
o_1312,3354,2026-02-12 13:00:00,149.0
o_1313,3354,2026-03-12 12:00:00,99.0
o_1314,3354,2026-03-16 17:00:00,149.0
o_1315,3356,2026-03-20 14:00:00,49.0
o_1316,3357,2026-01-25 10:00:00,99.0
o_1317,3358,2026-02-18 13:00:00,149.0
o_1318,3360,2026-02-07 15:00:00,19.0
o_1319,3361,2026-03-17 18:00:00,99.0
o_1320,3362,2026-01-24 15:00:00,49.0
o_1321,3365,2026-03-30 14:00:00,99.0
o_1322,3366,2026-02-23 16:00:00,19.0
o_1323,3368,2026-02-12 12:00:00,19.0
o_1324,3369,2026-02-07 15:00:00,99.0
o_1325,3374,2026-01-05 15:00:00,99.0
o_1326,3375,2026-01-19 17:00:00,99.0
o_1327,3376,2026-01-18 17:00:00,149.0
o_1328,3383,2026-01-07 09:00:00,99.0
o_1329,3385,2026-01-03 14:00:00,49.0
o_1330,3386,2026-02-19 10:00:00,19.0
o_1331,3390,2026-03-15 10:00:00,99.0
o_1332,3391,2026-02-06 10:00:00,99.0
o_1333,3391,2026-03-23 10:00:00,99.0
o_1334,3392,2026-01-31 10:00:00,149.0
o_1335,3392,2026-02-07 13:00:00,99.0
o_1336,3392,2026-03-04 11:00:00,149.0
o_1337,3393,2026-03-13 15:00:00,99.0
o_1338,3394,2026-01-31 14:00:00,49.0
o_1339,3395,2026-02-01 14:00:00,19.0
o_1340,3395,2026-02-12 17:00:00,49.0
o_1341,3395,2026-03-27 13:00:00,49.0
o_1342,3399,2026-01-02 10:00:00,99.0
o_1343,3399,2026-02-17 09:00:00,19.0
o_1344,3405,2026-01-03 18:00:00,99.0
o_1345,3407,2026-02-18 11:00:00,99.0
o_1346,3410,2026-03-10 14:00:00,19.0
o_1347,3410,2026-03-24 17:00:00,99.0
o_1348,3411,2026-02-24 18:00:00,149.0
o_1349,3411,2026-03-28 12:00:00,19.0
o_1350,3412,2026-01-29 15:00:00,19.0
o_1351,3412,2026-02-03 13:00:00,19.0
o_1352,3412,2026-02-21 17:00:00,149.0
o_1353,3414,2026-02-27 09:00:00,19.0
o_1354,3420,2026-03-01 11:00:00,99.0
o_1355,3420,2026-03-27 15:00:00,19.0
o_1356,3423,2026-01-27 14:00:00,149.0
o_1357,3424,2026-02-13 09:00:00,49.0
o_1358,3425,2026-02-08 13:00:00,49.0
o_1359,3426,2026-02-28 14:00:00,19.0
o_1360,3427,2026-02-13 15:00:00,99.0
o_1361,3430,2026-02-13 09:00:00,49.0
o_1362,3432,2026-03-31 18:00:00,149.0
o_1363,3433,2026-02-09 16:00:00,49.0
o_1364,3434,2026-02-10 13:00:00,19.0
o_1365,3437,2026-01-07 16:00:00,149.0
o_1366,3439,2026-02-10 15:00:00,49.0
o_1367,3440,2026-01-25 11:00:00,49.0
o_1368,3441,2026-02-05 10:00:00,49.0
o_1369,3442,2026-03-14 18:00:00,19.0
o_1370,3443,2026-01-13 11:00:00,19.0
o_1371,3443,2026-02-04 14:00:00,149.0
o_1372,3444,2026-01-05 18:00:00,19.0
o_1373,3445,2026-01-07 16:00:00,99.0
o_1374,3446,2026-01-18 09:00:00,19.0
o_1375,3446,2026-02-26 13:00:00,19.0
o_1376,3447,2026-02-11 12:00:00,49.0
o_1377,3448,2026-03-01 18:00:00,99.0
o_1378,3449,2026-02-15 11:00:00,19.0
o_1379,3450,2026-01-14 16:00:00,99.0
o_1380,3452,2026-01-30 10:00:00,19.0
o_1381,3452,2026-03-10 14:00:00,149.0
o_1382,3453,2026-02-05 11:00:00,19.0
o_1383,3453,2026-03-03 14:00:00,149.0
o_1384,3454,2026-03-09 16:00:00,49.0
o_1385,3455,2026-01-18 11:00:00,99.0
o_1386,3456,2026-01-19 17:00:00,19.0
o_1387,3459,2026-03-07 16:00:00,149.0
o_1388,3462,2026-01-15 09:00:00,149.0
o_1389,3463,2026-02-18 12:00:00,149.0
o_1390,3465,2026-01-08 17:00:00,149.0
o_1391,3466,2026-01-02 18:00:00,99.0
o_1392,3470,2026-02-06 12:00:00,99.0
o_1393,3476,2026-03-07 11:00:00,99.0
o_1394,3477,2026-02-19 16:00:00,49.0
o_1395,3478,2026-01-26 17:00:00,149.0
o_1396,3480,2026-02-11 16:00:00,149.0
o_1397,3482,2026-02-09 12:00:00,49.0
o_1398,3483,2026-02-26 14:00:00,19.0
o_1399,3485,2026-01-18 12:00:00,149.0
o_1400,3486,2026-01-10 13:00:00,19.0
o_1401,3487,2026-03-04 18:00:00,49.0
o_1402,3493,2026-02-16 14:00:00,149.0
o_1403,3493,2026-02-22 18:00:00,149.0
o_1404,3500,2026-02-01 09:00:00,149.0
o_1405,3508,2026-03-05 10:00:00,99.0
o_1406,3511,2026-01-14 12:00:00,149.0
o_1407,3511,2026-03-27 17:00:00,149.0
o_1408,3512,2026-02-19 10:00:00,149.0
o_1409,3517,2026-01-12 10:00:00,49.0
o_1410,3517,2026-02-04 18:00:00,49.0
o_1411,3518,2026-01-22 09:00:00,49.0
o_1412,3520,2026-01-20 09:00:00,99.0
o_1413,3521,2026-03-05 15:00:00,149.0
o_1414,3522,2026-02-01 14:00:00,49.0
o_1415,3523,2026-01-18 16:00:00,99.0
o_1416,3524,2026-01-22 11:00:00,99.0
o_1417,3533,2026-03-27 16:00:00,49.0
o_1418,3537,2026-02-04 16:00:00,49.0
o_1419,3537,2026-03-31 18:00:00,49.0
o_1420,3540,2026-03-30 16:00:00,149.0
o_1421,3541,2026-02-24 11:00:00,49.0
o_1422,3541,2026-03-20 14:00:00,19.0
o_1423,3543,2026-01-29 11:00:00,149.0
o_1424,3543,2026-02-24 13:00:00,149.0
o_1425,3547,2026-03-05 09:00:00,99.0
o_1426,3547,2026-03-21 18:00:00,99.0
o_1427,3550,2026-01-08 11:00:00,149.0
o_1428,3552,2026-01-05 09:00:00,49.0
o_1429,3553,2026-01-20 12:00:00,99.0
o_1430,3553,2026-01-23 13:00:00,49.0
o_1431,3553,2026-02-13 14:00:00,149.0
o_1432,3553,2026-03-29 10:00:00,149.0
o_1433,3554,2026-02-01 09:00:00,99.0
o_1434,3554,2026-03-28 17:00:00,149.0
o_1435,3555,2026-01-22 14:00:00,99.0
o_1436,3559,2026-01-09 12:00:00,99.0
o_1437,3559,2026-01-19 18:00:00,149.0
o_1438,3561,2026-01-28 16:00:00,49.0
o_1439,3562,2026-02-16 14:00:00,19.0
o_1440,3565,2026-01-22 14:00:00,99.0
o_1441,3568,2026-02-24 10:00:00,49.0
o_1442,3569,2026-02-06 11:00:00,19.0
o_1443,3571,2026-03-02 18:00:00,49.0
o_1444,3575,2026-03-27 12:00:00,149.0
o_1445,3578,2026-03-19 12:00:00,19.0
o_1446,3579,2026-02-06 14:00:00,19.0
o_1447,3580,2026-01-01 15:00:00,49.0
o_1448,3582,2026-01-27 17:00:00,49.0
o_1449,3582,2026-03-01 13:00:00,49.0
o_1450,3583,2026-01-22 17:00:00,49.0
o_1451,3584,2026-02-05 17:00:00,149.0
o_1452,3584,2026-03-16 14:00:00,149.0
o_1453,3585,2026-01-15 14:00:00,19.0
o_1454,3585,2026-01-18 13:00:00,149.0
o_1455,3585,2026-02-03 09:00:00,149.0
o_1456,3586,2026-01-05 15:00:00,149.0
o_1457,3594,2026-02-06 16:00:00,99.0
o_1458,3595,2026-03-28 10:00:00,99.0
o_1459,3598,2026-02-16 14:00:00,99.0
o_1460,3599,2026-03-21 18:00:00,19.0
o_1461,3603,2026-01-08 18:00:00,49.0
o_1462,3603,2026-02-24 13:00:00,49.0
o_1463,3605,2026-03-27 15:00:00,99.0
o_1464,3606,2026-03-11 10:00:00,49.0
o_1465,3614,2026-01-16 10:00:00,19.0
o_1466,3614,2026-01-21 10:00:00,149.0
o_1467,3616,2026-02-19 15:00:00,49.0
o_1468,3620,2026-01-10 14:00:00,19.0
o_1469,3620,2026-01-16 16:00:00,99.0
o_1470,3620,2026-03-08 09:00:00,149.0
o_1471,3621,2026-01-22 14:00:00,149.0
o_1472,3622,2026-01-10 12:00:00,19.0
o_1473,3628,2026-03-17 18:00:00,49.0
o_1474,3634,2026-02-15 15:00:00,99.0
o_1475,3634,2026-02-24 17:00:00,49.0
o_1476,3636,2026-03-04 11:00:00,19.0
o_1477,3636,2026-03-15 11:00:00,149.0
o_1478,3641,2026-01-12 09:00:00,99.0
o_1479,3641,2026-03-31 16:00:00,49.0
o_1480,3642,2026-01-09 17:00:00,149.0
o_1481,3645,2026-01-12 12:00:00,99.0
o_1482,3645,2026-01-20 14:00:00,149.0
o_1483,3646,2026-01-25 16:00:00,19.0
o_1484,3650,2026-01-01 09:00:00,99.0
o_1485,3650,2026-02-13 15:00:00,19.0
o_1486,3658,2026-01-08 12:00:00,19.0
o_1487,3658,2026-03-28 15:00:00,49.0
o_1488,3661,2026-01-22 14:00:00,99.0
o_1489,3663,2026-01-23 16:00:00,49.0
o_1490,3664,2026-03-06 18:00:00,19.0
o_1491,3665,2026-01-13 16:00:00,99.0
o_1492,3667,2026-01-14 17:00:00,99.0
o_1493,3668,2026-02-03 12:00:00,49.0
o_1494,3670,2026-01-11 17:00:00,49.0
o_1495,3672,2026-02-19 11:00:00,99.0
o_1496,3673,2026-01-24 14:00:00,99.0
o_1497,3674,2026-03-30 12:00:00,99.0
o_1498,3678,2026-02-26 09:00:00,149.0
o_1499,3681,2026-03-20 12:00:00,19.0
o_1500,3684,2026-03-29 12:00:00,49.0
o_1501,3685,2026-02-24 13:00:00,49.0
o_1502,3686,2026-02-03 15:00:00,49.0
o_1503,3689,2026-02-13 13:00:00,19.0
o_1504,3690,2026-02-11 17:00:00,149.0
o_1505,3690,2026-03-09 17:00:00,149.0
o_1506,3693,2026-02-13 10:00:00,149.0
o_1507,3694,2026-01-19 18:00:00,99.0
o_1508,3701,2026-01-26 15:00:00,149.0
o_1509,3705,2026-02-25 12:00:00,99.0
o_1510,3708,2026-03-30 10:00:00,19.0
o_1511,3709,2026-02-07 14:00:00,149.0
o_1512,3710,2026-01-19 15:00:00,149.0
o_1513,3711,2026-02-10 09:00:00,19.0
o_1514,3715,2026-02-15 15:00:00,149.0
o_1515,3716,2026-03-02 17:00:00,49.0
o_1516,3716,2026-03-25 10:00:00,149.0
o_1517,3718,2026-01-17 14:00:00,99.0
o_1518,3723,2026-01-10 12:00:00,149.0
o_1519,3725,2026-01-14 12:00:00,49.0
o_1520,3727,2026-01-13 14:00:00,99.0
o_1521,3729,2026-03-04 18:00:00,149.0
o_1522,3730,2026-01-24 09:00:00,49.0
o_1523,3732,2026-01-15 15:00:00,49.0
o_1524,3736,2026-03-19 13:00:00,19.0
o_1525,3736,2026-03-27 17:00:00,149.0
o_1526,3742,2026-01-11 09:00:00,19.0
o_1527,3743,2026-01-23 09:00:00,49.0
o_1528,3743,2026-01-28 16:00:00,99.0
o_1529,3747,2026-01-04 09:00:00,49.0
o_1530,3748,2026-02-05 17:00:00,19.0
o_1531,3750,2026-01-03 17:00:00,149.0
o_1532,3752,2026-01-04 12:00:00,49.0
o_1533,3752,2026-03-09 12:00:00,99.0
o_1534,3753,2026-01-26 11:00:00,19.0
o_1535,3755,2026-02-20 17:00:00,99.0
o_1536,3762,2026-02-21 16:00:00,49.0
o_1537,3763,2026-02-26 10:00:00,149.0
o_1538,3773,2026-02-28 09:00:00,149.0
o_1539,3775,2026-01-11 11:00:00,49.0
o_1540,3776,2026-02-11 16:00:00,19.0
o_1541,3776,2026-03-26 15:00:00,99.0
o_1542,3778,2026-01-17 15:00:00,99.0
o_1543,3779,2026-01-24 10:00:00,19.0
o_1544,3779,2026-01-25 18:00:00,149.0
o_1545,3780,2026-01-27 15:00:00,149.0
o_1546,3785,2026-01-18 12:00:00,49.0
o_1547,3790,2026-01-12 12:00:00,149.0
o_1548,3790,2026-01-19 11:00:00,149.0
o_1549,3790,2026-03-15 10:00:00,99.0
o_1550,3791,2026-02-03 18:00:00,19.0
o_1551,3793,2026-01-23 17:00:00,49.0
o_1552,3793,2026-01-24 18:00:00,19.0
o_1553,3795,2026-01-20 12:00:00,19.0
o_1554,3798,2026-02-16 11:00:00,49.0
o_1555,3800,2026-02-18 17:00:00,49.0
o_1556,3802,2026-02-08 11:00:00,99.0
o_1557,3803,2026-02-06 11:00:00,99.0
o_1558,3808,2026-02-04 11:00:00,149.0
o_1559,3812,2026-01-30 12:00:00,149.0
o_1560,3812,2026-02-27 18:00:00,99.0
o_1561,3814,2026-02-17 12:00:00,19.0
o_1562,3816,2026-02-02 16:00:00,19.0
o_1563,3818,2026-03-02 18:00:00,49.0
o_1564,3819,2026-01-04 18:00:00,19.0
o_1565,3819,2026-01-06 11:00:00,49.0
o_1566,3819,2026-01-29 14:00:00,99.0
o_1567,3821,2026-01-06 12:00:00,49.0
o_1568,3831,2026-02-27 10:00:00,49.0
o_1569,3834,2026-01-30 10:00:00,49.0
o_1570,3836,2026-03-09 14:00:00,49.0
o_1571,3837,2026-02-08 16:00:00,19.0
o_1572,3837,2026-03-30 10:00:00,149.0
o_1573,3839,2026-01-22 09:00:00,19.0
o_1574,3839,2026-01-23 13:00:00,19.0
o_1575,3840,2026-01-07 16:00:00,99.0
o_1576,3840,2026-02-16 10:00:00,99.0
o_1577,3840,2026-03-08 11:00:00,19.0
o_1578,3841,2026-02-15 11:00:00,49.0
o_1579,3841,2026-02-17 13:00:00,149.0
o_1580,3845,2026-02-21 18:00:00,99.0
o_1581,3846,2026-02-28 12:00:00,149.0
o_1582,3846,2026-03-07 15:00:00,149.0
o_1583,3849,2026-01-18 17:00:00,99.0
o_1584,3849,2026-03-06 18:00:00,19.0
o_1585,3851,2026-01-08 18:00:00,49.0
o_1586,3853,2026-03-17 13:00:00,49.0
o_1587,3854,2026-03-05 13:00:00,99.0
o_1588,3860,2026-01-19 17:00:00,99.0
o_1589,3861,2026-02-27 18:00:00,19.0
o_1590,3862,2026-01-04 09:00:00,49.0
o_1591,3865,2026-02-03 12:00:00,19.0
o_1592,3867,2026-01-30 13:00:00,99.0
o_1593,3869,2026-03-09 13:00:00,49.0
o_1594,3869,2026-03-15 14:00:00,19.0
o_1595,3873,2026-01-26 13:00:00,49.0
o_1596,3873,2026-02-01 14:00:00,49.0
o_1597,3875,2026-02-02 16:00:00,49.0
o_1598,3878,2026-03-03 14:00:00,99.0
o_1599,3878,2026-03-22 13:00:00,19.0
o_1600,3879,2026-02-23 17:00:00,99.0
o_1601,3883,2026-01-17 14:00:00,99.0
o_1602,3884,2026-01-01 11:00:00,19.0
o_1603,3888,2026-01-10 18:00:00,19.0
o_1604,3888,2026-02-25 15:00:00,49.0
o_1605,3890,2026-01-24 11:00:00,99.0
o_1606,3890,2026-02-13 16:00:00,149.0
o_1607,3892,2026-03-13 13:00:00,19.0
o_1608,3894,2026-01-19 12:00:00,149.0
o_1609,3895,2026-01-29 10:00:00,149.0
o_1610,3897,2026-02-15 11:00:00,19.0
o_1611,3898,2026-01-17 15:00:00,149.0
o_1612,3898,2026-01-31 15:00:00,99.0
o_1613,3900,2026-02-13 15:00:00,149.0
o_1614,3900,2026-03-20 12:00:00,99.0
o_1615,3903,2026-01-30 17:00:00,99.0
o_1616,3903,2026-03-03 17:00:00,99.0
o_1617,3905,2026-02-16 12:00:00,99.0
o_1618,3907,2026-03-25 14:00:00,149.0
o_1619,3910,2026-01-07 16:00:00,99.0
o_1620,3910,2026-01-29 18:00:00,49.0
o_1621,3913,2026-01-01 13:00:00,149.0
o_1622,3913,2026-01-12 09:00:00,99.0
o_1623,3919,2026-01-30 15:00:00,19.0
o_1624,3919,2026-02-21 11:00:00,99.0
o_1625,3922,2026-02-27 12:00:00,19.0
o_1626,3923,2026-03-14 14:00:00,49.0
o_1627,3925,2026-02-11 15:00:00,49.0
o_1628,3931,2026-01-18 15:00:00,99.0
o_1629,3931,2026-02-23 11:00:00,49.0
o_1630,3932,2026-01-23 15:00:00,19.0
o_1631,3934,2026-02-13 16:00:00,19.0
o_1632,3936,2026-01-11 09:00:00,149.0
o_1633,3945,2026-03-20 11:00:00,149.0
o_1634,3946,2026-01-14 12:00:00,99.0
o_1635,3947,2026-01-08 17:00:00,49.0
o_1636,3948,2026-02-27 09:00:00,49.0
o_1637,3949,2026-01-28 15:00:00,19.0
o_1638,3950,2026-01-06 15:00:00,149.0
o_1639,3950,2026-01-11 11:00:00,19.0
o_1640,3952,2026-02-11 10:00:00,49.0
o_1641,3952,2026-02-15 16:00:00,49.0
o_1642,3955,2026-02-15 11:00:00,19.0
o_1643,3955,2026-03-10 11:00:00,99.0
o_1644,3956,2026-01-02 11:00:00,49.0
o_1645,3957,2026-01-11 12:00:00,99.0
o_1646,3958,2026-01-24 17:00:00,49.0
o_1647,3962,2026-01-17 16:00:00,19.0
o_1648,3962,2026-02-03 09:00:00,99.0
o_1649,3963,2026-01-03 18:00:00,49.0
o_1650,3966,2026-01-03 18:00:00,19.0
o_1651,3966,2026-01-09 14:00:00,19.0
o_1652,3966,2026-02-06 17:00:00,19.0
o_1653,3968,2026-01-13 11:00:00,149.0
o_1654,3976,2026-02-01 17:00:00,149.0
o_1655,3976,2026-03-04 15:00:00,99.0
o_1656,3983,2026-01-11 17:00:00,49.0
o_1657,3985,2026-02-21 17:00:00,19.0
o_1658,3988,2026-01-07 14:00:00,149.0
o_1659,3989,2026-01-08 12:00:00,99.0
o_1660,3989,2026-01-17 18:00:00,149.0
o_1661,3989,2026-01-26 10:00:00,19.0
o_1662,3990,2026-01-14 15:00:00,99.0
o_1663,3990,2026-01-20 09:00:00,49.0
o_1664,3991,2026-03-10 11:00:00,19.0
o_1665,3992,2026-02-10 13:00:00,49.0
o_1666,3992,2026-03-29 11:00:00,19.0
o_1667,3995,2026-01-28 13:00:00,19.0
